{"cameraMode":{"drawMode":0,"name":"Shaded","section":"Shading Mode"},"sceneLighting":true,"audioPlay":false,"sceneViewState":{"m_AlwaysRefresh":false,"showFog":true,"showSkybox":true,"showFlares":true,"showImageEffects":true,"showParticleSystems":true,"showVisualEffectGraphs":true,"m_FxEnabled":true},"in2DMode":false,"pivot":{"x":-8.957245826721192,"y":0.4564189910888672,"z":11.416886329650879},"rotation":{"x":0.49063733220100405,"y":-0.2500225305557251,"z":0.14933492243289948,"w":0.8212849497795105},"size":98.07467651367188,"orthographic":false}